Object Name,check
PDL6DFR,PDL6DFR
PBAEXFR,PBAEXFR
PDADXFR,PDADXFR
PDBDUPC,PDBDUPC
PDJFPVR,PDJFPVR
PDMBDFR,PDMBDFR
PDM4DFR,PDM4DFR
PDM6DFR,PDM6DFR
PDNEXFR,PDNEXFR
PDNVDFR,PDNVDFR
PDKADFR,PDKADFR
PDKVDFR,PDKVDFR
PDL8DFR,PDL8DFR
PDQPXFR,PDQPXFR
PDQVXFR,PDQVXFR
PDQ0XFR,PDQ0XFR
PDW3XFR,PDW3XFR
PDXFXFR,PDXFXFR
PMACXFR,PMACXFR
PPNLXFR,PPNLXFR
PPNQXFR,PPNQXFR
PPYIXFR,PPYIXFR
PPYXXFR,PPYXXFR
PUDNXFR,PUDNXFR
PDH3DFR,PDH3DFR
PDCKPVR,PDCKPVR
PDFEPVR,PDFEPVR
PDH5DFR,PDH5DFR
PDODDFR,PDODDFR
PDT3DFR,PDT3DFR
PDW9XFR,PDW9XFR
OMEIPVR,OMEIPVR
PDOWUPR,PDOWUPR
PMNVPVR,PMNVPVR
PMN0UPC,PMN0UPC
PMNZXFR,PMNZXFR
PDKMPVR,PDKMPVR
PDI6PVR,PDI6PVR
PDI7UPR,PDI7UPR
PNKDXFR,PNKDXFR
OMFDPVR,OMFDPVR
PMDBUPC,PMDBUPC
PDMLDFR,PDMLDFR
PDP1XFR,PDP1XFR
PDQRXFR,PDQRXFR
PDQTXFR,PDQTXFR
PMWSXFR,PMWSXFR
PMXAXFR,PMXAXFR
PVA9XFR,PVA9XFR
PVBFUPC,PVBFUPC
PDMGDFR,PDMGDFR
PDOQPVR,PDOQPVR
PDGPUPC,PDGPUPC
PDOVE1R,PDOVE1R
PDPLDFR,PDPLDFR
PDL2E1R,PDL2E1R
PDL3E1R,PDL3E1R
PDRBDFR,PDRBDFR
PDG0PVR,PDG0PVR
PDJ4PVR,PDJ4PVR
PDNADFR,PDNADFR
PDP7DFR,PDP7DFR
PNMOXFR,PNMOXFR
PDQBDFR,PDQBDFR
PDO5XFR,PDO5XFR
PNVMDFR,PNVMDFR
PDX7E1R,PDX7E1R
POD1DFR,POD1DFR
POGADFR,POGADFR
POGCEFR,POGCEFR
POGIE1R,POGIE1R
POGKDFR,POGKDFR
POHTDFR,POHTDFR
POHUDFR,POHUDFR
PQPQXFR,PQPQXFR
POJUEFR,POJUEFR
POLUPVR,POLUPVR
POL8DFR,POL8DFR
PUOMDFR,PUOMDFR
PDV8PVR,PDV8PVR
PMO5DFR,PMO5DFR
OMQ6DFR,OMQ6DFR
PDLQE1R,PDLQE1R
PDLTDFR,PDLTDFR
PDPZDFR,PDPZDFR
PMBPDCLP,PMBPDCLP
CAQXXFR,CAQXXFR
PMD9XFR,PMD9XFR
PMBPDFR,PMBPDFR
PMBRD1R,PMBRD1R
PMBSDFR,PMBSDFR
PMB4DFR,PMB4DFR
PBMBDFR,PBMBDFR
PBEGXFR,PBEGXFR
PBMHDFR,PBMHDFR
PVB8XFR,PVB8XFR
PVB9UPR,PVB9UPR
PBBKEFR,PBBKEFR
PBBLDFR,PBBLDFR
PDCVEFR,PDCVEFR
PDIQPVR,PDIQPVR
PDVJUPR,PDVJUPR
PMEZDFR,PMEZDFR
OMB5PVR,OMB5PVR
PMEEUPC,PMEEUPC
POWGPVR,POWGPVR
PUC5XFR,PUC5XFR
PUDCDFR,PUDCDFR
PUHADFR,PUHADFR
PUJHDFR,PUJHDFR
PUKAPVR,PUKAPVR
POPEPVR,POPEPVR
PBHTDFR,PBHTDFR
PBHYPVR,PBHYPVR
PDIXD1R,PDIXD1R
PDP3DFR,PDP3DFR
PDC9EFR,PDC9EFR
PDDCEFR,PDDCEFR
PDDGUPR,PDDGUPR
PDUODFR,PDUODFR
PBFMDFR,PBFMDFR
PDTWPVR,PDTWPVR
PDUPE1R,PDUPE1R
PMFVDFR,PMFVDFR
HP4041E1,HP4041E1
HPSEC,HPSEC
HP1041,HP1041
HP4042,HP4042
HP451,HP451
PUDADFR,PUDADFR
PUDBE1R,PUDBE1R
PUHXD1R,PUHXD1R
PUNTDFR,PUNTDFR
PPWRXFR,PPWRXFR
HP1042,HP1042
HP204CLSS,HP204CLSS
HP204SS,HP204SS
HP257,HP257
HP278,HP278
HP506,HP506
HP5062,HP5062
OMH6PCLP,OMH6PCLP
OMH6PFR,OMH6PFR
PBWQXFR,PBWQXFR
PDAEEFR,PDAEEFR
PDH8ETR,PDH8ETR
PDJBXFR,PDJBXFR
PDN6E1R,PDN6E1R
PDOMXFR,PDOMXFR
PDOOXFR,PDOOXFR
PDSBCLP,PDSBCLP
PDSBPFR,PDSBPFR
PDSSXFR,PDSSXFR
PDV4PVR,PDV4PVR
PDWRDFR,PDWRDFR
PDW5UPC,PDW5UPC
PDZ4XFR,PDZ4XFR
PLF2XFR,PLF2XFR
PLXHUPR,PLXHUPR
PMB1XFR,PMB1XFR
PMNYXFR,PMNYXFR
PMQAXFR,PMQAXFR
PMQMXFR,PMQMXFR
PMUSXFR,PMUSXFR
PNIJPFR,PNIJPFR
PNIKDFR,PNIKDFR
PNILUPC,PNILUPC
PNK0XFR,PNK0XFR
PNNXXFR,PNNXXFR
PNOKDFR,PNOKDFR
PNTTXFR,PNTTXFR
POE7XFR,POE7XFR
POJ9DFR,POJ9DFR
POPRXFR,POPRXFR
PPA6XFR,PPA6XFR
PPINXFR,PPINXFR
PPNSXFR,PPNSXFR
PPN9XFR,PPN9XFR
PPVYDFR,PPVYDFR
PPV0D1R,PPV0D1R
PPXADFR,PPXADFR
PPXJXFR,PPXJXFR
PPYVDFR,PPYVDFR
PUDYDFR,PUDYDFR
PUD1UPC,PUD1UPC
PUFRXFR,PUFRXFR
PUJJUPC,PUJJUPC
PUOXUPC,PUOXUPC
WIMINVSHP,
PUO0UPR,PUO0UPR
PUQRPFR,PUQRPFR
PUSKXFR,PUSKXFR
PVAYUPR,PVAYUPR
ACTSHPDTE,
CMBWGT,
DPFUTURE,
EDI856ALRT,
HPBSHBLEN,
HPBSHINV,
HPBSHINV.S,
HPBSHINVOT,
HPBSHINVOU,
HPBSHINVU,
HPBSHIP.S,
HPBSHIPHPB,
HPBSHIPOTH,
HPBSHTRB,
HPBSHTRBU,
INTRANSIT,
LDACTDV,
MANDTSHIP,
MNORDRBL2,
MNORDRBL4,
ORDDTLSTS,
ORDHDRST.S,
ORDHDRSTSH,
PALLETDATA,
PFSSHIPERR,
SHPBCHLB,
SHPBCHLB_S,
LOADSRCV.S,
SHPNOTINV,
SLSTOST,
TRANSFRDIF,
WHSORDTSHP,
HP4041,HP4041
HP4041S,HP4041S
HP4041W,HP4041W
PDFKDFR,PDFKDFR
PDFLDFR,PDFLDFR
PDQNXFR,PDQNXFR
PMP9XFR,PMP9XFR
POJSPVR,POJSPVR
POJXPVR,POJXPVR
PDLCEFR,PDLCEFR
PBXOXFR,PBXOXFR
PDLVDFR,PDLVDFR
PDMCDFR,PDMCDFR
PMEVXFR,PMEVXFR
PMK2XFR,PMK2XFR
PNOQXFR,PNOQXFR
OMPVDFR,OMPVDFR
PBXNXFR,PBXNXFR
PBX2XFR,PBX2XFR
PDAOXFR,PDAOXFR
PDCIE1R,PDCIE1R
PDCNDFR,PDCNDFR
PDCZEFR,PDCZEFR
PDNUDFR,PDNUDFR
PDSLDFR,PDSLDFR
PDVVUPC,PDVVUPC
PDW7EFR,PDW7EFR
PDYLETR,PDYLETR
PMFWD1R,PMFWD1R
PNPNXFR,PNPNXFR
PNVZE2R,PNVZE2R
PNXJDFR,PNXJDFR
PUXSXFR,PUXSXFR
OMD2PVR,OMD2PVR
PDOIUPR,PDOIUPR
PDWGPVR,PDWGPVR
PDWIUPR,PDWIUPR
PDUBPVR,PDUBPVR
PDUCUPC,PDUCUPC
PDUGPVR,PDUGPVR
PUXFUPC,PUXFUPC
PDUJPVR,PDUJPVR
PBAKXFR,PBAKXFR
PPICUPC,PPICUPC
OMNGPVR,OMNGPVR
PDMJUPR,PDMJUPR
POOWUPC,POOWUPC
PDYAPVR,PDYAPVR
PDFJUPC,PDFJUPC
PDYFEFR,PDYFEFR
PDTFE1R,PDTFE1R
PBDTXFR,PBDTXFR
PBRXXFR,PBRXXFR
PBSBXFR,PBSBXFR
PDI0PVR,PDI0PVR
PMJMXFR,PMJMXFR
PNI4XFR,PNI4XFR
PDCRDFR,PDCRDFR
PMEIDFR,PMEIDFR
PDF4PVR,PDF4PVR
PDF5UPC,PDF5UPC
PMDQPVR,PMDQPVR
PMDSUPC,PMDSUPC
PDGNDFR,PDGNDFR
PDIIDFR,PDIIDFR
PDOMPVR,PDOMPVR
PDHJPVR,PDHJPVR
PDHKUPC,PDHKUPC
POLTDFR,POLTDFR
PDJVXFR,PDJVXFR
PLABXFR,PLABXFR
POLSEFR,POLSEFR
POL2XFR,POL2XFR
POMPPVR,POMPPVR
PDMLPVR,PDMLPVR
PDMMUPC,PDMMUPC
TRFTOTML,
PLAQPVR,PLAQPVR
PLARUPC,PLARUPC
PMWDDFR,PMWDDFR
PMYYPVR,PMYYPVR
PMYZUPC,PMYZUPC
PME6DFR,PME6DFR
PMBOEFR,PMBOEFR
PMFOE1R,PMFOE1R
PMFSPVR,PMFSPVR
TF465,TF465
RO890,RO890
RO891CL,RO891CL
TF465CL,TF465CL
TF531,TF531
PNXBDFR,PNXBDFR
PBLQPVR,PBLQPVR
PNVVDFR,PNVVDFR
PNXCPVR,PNXCPVR
PNXWPVR,PNXWPVR
PBMEPVR,PBMEPVR
PBJVPVR,PBJVPVR
PBJUUPR,PBJUUPR
PBTHDFR,PBTHDFR
PBTGXFR,PBTGXFR
PBTJUPC,PBTJUPC
PBWPEFR,PBWPEFR
PBWVXFR,PBWVXFR
PBXFDFR,PBXFDFR
PBYLPVR,PBYLPVR
PPW5DFR,PPW5DFR
PBFJE1R,PBFJE1R
PBFQD1R,PBFQD1R
PBFTUPC,PBFTUPC
PPJXXFR,PPJXXFR
PDIBDFR,PDIBDFR
PDICE1R,PDICE1R
OMBSDFR,OMBSDFR
PDEIE2R,PDEIE2R
PDEKUPR,PDEKUPR
PDWJEFR,PDWJEFR
PMBWEFR,PMBWEFR
PNANDFR,PNANDFR
POT6EFR,POT6EFR
OMA0EFR,OMA0EFR
PDALUPR,PDALUPR
PDDJDFR,PDDJDFR
PDDKE1R,PDDKE1R
PDWNEFR,PDWNEFR
PDWREFR,PDWREFR
PMSBDFR,PMSBDFR
PBYZEFR,PBYZEFR
PBY3PVR,PBY3PVR
PMBMEFR,PMBMEFR
PMSCE1R,PMSCE1R
PMSED1R,PMSED1R
PMSGDFR,PMSGDFR
POLPEFR,POLPEFR
POL6XFR,POL6XFR
PPY1DFR,PPY1DFR
PPYSE1R,PPYSE1R
PLAWPVR,PLAWPVR
PLAXUPC,PLAXUPC
PMUEPVR,PMUEPVR
ABSFRT.S,
PMR2EFR,PMR2EFR
PMXLEFR,PMXLEFR
PUXPEFR,PUXPEFR
HP414,HP414
HP116,HP116
HP5027,HP5027
HP512,HP512
HP4049,HP4049
HP1049,HP1049
HP4014,HP4014
HP1014,HP1014
HP4012,HP4012
HP1012,HP1012
HP5026,HP5026
HP538,HP538
HP4013,HP4013
HP1013,HP1013
PKVCDFR,PKVCDFR
PDGXXFR,PDGXXFR
PKVDE1R,PKVDE1R
PMD9PVR,PMD9PVR
PDT5PVR,PDT5PVR
PDT8XFR,PDT8XFR
TF429,TF429
TF429CL,TF429CL
HP2771CL,HP2771CL
PDEXPFR,PDEXPFR
POJVXFR,POJVXFR
PUXDPFR,PUXDPFR
TF629,TF629
LDSTRCO,
LOADSRCJ,
PKAWCPP4,
PUUGXFR,PUUGXFR
PUUFXFR,PUUFXFR
PUGPXFR,PUGPXFR
PMUNUPC,PMUNUPC
PMUOXFR,PMUOXFR
POD5UPR,POD5UPR
PPXMXFR,PPXMXFR
PUQWXFR,PUQWXFR
PUQXXFR,PUQXXFR
PMG9XFR,PMG9XFR
PUQPUPC,PUQPUPC
PUQQXFR,PUQQXFR
OMD0PFR,OMD0PFR
PBXUXFR,PBXUXFR
PUQSUPR,PUQSUPR
PUQUXFR,PUQUXFR
PUVLUPR,PUVLUPR
PVAAXFR,PVAAXFR
PUQ0XFR,PUQ0XFR
PMXBXFR,PMXBXFR
PVCTXFR,PVCTXFR
PUX2UPC,PUX2UPC
PDTLUPR,PDTLUPR
PBACXFR,PBACXFR
POMDE2R,POMDE2R
PDHRXFR,PDHRXFR
PVA8XFR,PVA8XFR
PNMTXFR,PNMTXFR
PNQCXFR,PNQCXFR
PNNEDFR,PNNEDFR
PNO4XFR,PNO4XFR
PBCFXFR,PBCFXFR
PDVXPVR,PDVXPVR
PDCWDFR,PDCWDFR
PUE8UPC,PUE8UPC
ICR6DFR,ICR6DFR
PDPJXFR,PDPJXFR
PDVWUPR,PDVWUPR
PNY9XFR,PNY9XFR
PDS0PVR,PDS0PVR
PDP9DFR,PDP9DFR
PPY7XFR,PPY7XFR
PDSJDFR,PDSJDFR
PUTPXFR,PUTPXFR
PDN9EFR,PDN9EFR
PUTBXFR,PUTBXFR
PBEVE2R,PBEVE2R
PNLKXFR,PNLKXFR
POQKXFR,POQKXFR
PDLFXFR,PDLFXFR
PDL1XFR,PDL1XFR
PNKMXFR,PNKMXFR
PNMAXFR,PNMAXFR
POBEDFR,POBEDFR
PNSVXFR,PNSVXFR
PBD8XFR,PBD8XFR
PORWDFR,PORWDFR
PDCNXFR,PDCNXFR
PDG3XFR,PDG3XFR
PDFMDFR,PDFMDFR
PMRMXFR,PMRMXFR
POJZXFR,POJZXFR
PBKYXFR,PBKYXFR
PNXQXFR,PNXQXFR
PDD3E1R,PDD3E1R
PDAPXFR,PDAPXFR
PDPVDFR,PDPVDFR
PUQ4XFR,PUQ4XFR
PNNIXFR,PNNIXFR
PBQAXFR,PBQAXFR
PMAQPVR,PMAQPVR
PDKOUPR,PDKOUPR
PDFPDFR,PDFPDFR
SELSUB,SELSUB
PLOZXFR,PLOZXFR
PDTPE1R,PDTPE1R
PPVMETR,PPVMETR
PNXMDFR,PNXMDFR
PPKZETR,PPKZETR
PPGHXFR,PPGHXFR
PKBZDFR,PKBZDFR
PBKZXFR,PBKZXFR
ICQ9DFR,ICQ9DFR
PDHNXFR,PDHNXFR
PDZMXFR,PDZMXFR
PDC3XFR,PDC3XFR
PMFQXFR,PMFQXFR
PNQ0D1R,PNQ0D1R
PNMEXFR,PNMEXFR
PDX8XFR,PDX8XFR
PMGFE2R,PMGFE2R
PDPSE2R,PDPSE2R
PDPSDFR,PDPSDFR
PDS0XFR,PDS0XFR
PDMCXFR,PDMCXFR
PNQ6XFR,PNQ6XFR
PPNJXFR,PPNJXFR
PDO4DFR,PDO4DFR
PMDMXFR,PMDMXFR
PNS1XFR,PNS1XFR
PDPYD1R,PDPYD1R
PDNTUPR,PDNTUPR
PDJWPCLP,PDJWPCLP
PPXXDFR,PPXXDFR
PBXKXFR,PBXKXFR
OPV9XFR,OPV9XFR
PNYLXFR,PNYLXFR
PUOIXFR,PUOIXFR
PDPIDFR,PDPIDFR
PMXJXFR,PMXJXFR
PNMVDFR,PNMVDFR
PBP9XFR,PBP9XFR
PDPRXFR,PDPRXFR
PBIRXFR,PBIRXFR
PBL6XFR,PBL6XFR
PUA7UPC,PUA7UPC
PDGZXFR,PDGZXFR
PPH6XFR,PPH6XFR
PPD0D1R,PPD0D1R
PUA4XFR,PUA4XFR
PDKJUPR,PDKJUPR
PDAMXFR,PDAMXFR
POF9EFR,POF9EFR
PMDBXFR,PMDBXFR
PPJKD3R,PPJKD3R
PBRZXFR,PBRZXFR
PDO7DFR,PDO7DFR
PNTBXFR,PNTBXFR
PMBVXFR,PMBVXFR
POQGDFR,POQGDFR
PPFEUPC,PPFEUPC
PPW2XFR,PPW2XFR
PPNAXFR,PPNAXFR
PNQ7XFR,PNQ7XFR
PNQBE1R,PNQBE1R
PMDHXFR,PMDHXFR
PKVLLSR,
PSPSDFR,PSPSDFR
PDGND1R,PDGND1R
PBISXFR,PBISXFR
PMSSDFR,PMSSDFR
PNMSDFR,PNMSDFR
PDMTE1R,PDMTE1R
PBI3XFR,PBI3XFR
PMCGDFR,PMCGDFR
PPV1DFR,PPV1DFR
CARVCNR,
PDA3PCL,PDA3PCL
PDKZXFR,PDKZXFR
PPXFETR,PPXFETR
PBD2ETR,PBD2ETR
PMOHPVR,PMOHPVR
PDLJDFR,PDLJDFR
PUAYXFR,PUAYXFR
PDAGEFR,PDAGEFR
PNLFXFR,PNLFXFR
PNKRXFR,PNKRXFR
PDE0XFR,PDE0XFR
PLAFXFR,PLAFXFR
PDQAD1R,PDQAD1R
POINE1R,POINE1R
PNO3E1R,PNO3E1R
PBOEPVR,PBOEPVR
PNS7XFR,PNS7XFR
PUV8XFR,PUV8XFR
PNLLXFR,PNLLXFR
PDH2DFR,PDH2DFR
PDJ1UPR,PDJ1UPR
POM5XFR,POM5XFR
POK9ETR,POK9ETR
PUONXFR,PUONXFR
PDE4XFR,PDE4XFR
PDSVE1R,PDSVE1R
POHXXFR,POHXXFR
PDIEDFR,PDIEDFR
PKVBXFR,PKVBXFR
PDSTXFR,PDSTXFR
PNHKXFR,PNHKXFR
PUSFXFR,PUSFXFR
POUGDFR,POUGDFR
PPFDXFR,PPFDXFR
PMSOPVR,PMSOPVR
PNQNXFR,PNQNXFR
PDDWEFR,PDDWEFR
PNKJXFR,PNKJXFR
PDPKXFR,PDPKXFR
PDOIPCLP,PDOIPCLP
PUIAXFR,PUIAXFR
PDYEXFR,PDYEXFR
PDSRXFR,PDSRXFR
PNO5XFR,PNO5XFR
ARACTRETS,ARACTRETS
PPF1PVR,PPF1PVR
PDHMXFR,PDHMXFR
PNH4XFR,PNH4XFR
POYBXFR,POYBXFR
PNX4XFR,PNX4XFR
PPSLXFR,PPSLXFR
PBHVXFR,PBHVXFR
PDTTDFR,PDTTDFR
PNTAXFR,PNTAXFR
PDVLDFR,PDVLDFR
PBCOPFR,PBCOPFR
PDSKDFR,PDSKDFR
PNO7XFR,PNO7XFR
PDKTXFR,PDKTXFR
POIQE1R,POIQE1R
PDQVUPC,PDQVUPC
PUTQXFR,PUTQXFR
PDFFXFR,PDFFXFR
PNXLE1R,PNXLE1R
PUSWXFR,PUSWXFR
PDO4EFR,PDO4EFR
PURZXFR,PURZXFR
PDYBXFR,PDYBXFR
POJWDFR,POJWDFR
POIRXFR,POIRXFR
PPB3DFR,PPB3DFR
PMH6DFR,PMH6DFR
PNYAXFR,PNYAXFR
PBHPXFR,PBHPXFR
PMMMXFR,PMMMXFR
POIMDFR,POIMDFR
PBIQUPC,PBIQUPC
PDO2DFR,PDO2DFR
POP5DFR,POP5DFR
PBRYXFR,PBRYXFR
PMW7DFR,PMW7DFR
PDTIDFR,PDTIDFR
PMREXFR,PMREXFR
PDP2XFR,PDP2XFR
PBEYXFR,PBEYXFR
PUYLXFR,PUYLXFR
PDPVPVR,PDPVPVR
PDKYDFR,PDKYDFR
OMD6PFR,OMD6PFR
PDXQDFR,PDXQDFR
PDH6UPR,PDH6UPR
PDCPXFR,PDCPXFR
PNS0XFR,PNS0XFR
PNS2XFR,PNS2XFR
PDXPD1R,PDXPD1R
PNO6XFR,PNO6XFR
PDD8EFR,PDD8EFR
PDCUXFR,PDCUXFR
PDDNUPC,PDDNUPC
SELSUBE1,SELSUBE1
PMC8XFR,PMC8XFR
POIVXFR,POIVXFR
PNYKXFR,PNYKXFR
POSUEFR,POSUEFR
PDELXFR,PDELXFR
PBADXFR,PBADXFR
PDSQXFR,PDSQXFR
PBTIUPC,PBTIUPC
PUXYXFR,PUXYXFR
PPS4DFR,PPS4DFR
PPW6UPC,PPW6UPC
PDP4D1R,PDP4D1R
POK1E2R,POK1E2R
PDMYEFR,PDMYEFR
PVBLXFR,PVBLXFR
PNQYXFR,PNQYXFR
PDW0XFR,PDW0XFR
PDTRXFR,PDTRXFR
PDPFUPR,PDPFUPR
PVD8UPR,PVD8UPR
PMNTXFR,PMNTXFR
PDWCXFR,PDWCXFR
PBXLXFR,PBXLXFR
PBXSDFR,PBXSDFR
PDP6XFR,PDP6XFR
PDXRXFR,PDXRXFR
PPX3ETR,PPX3ETR
PDYDXFR,PDYDXFR
ARACTRET,ARACTRET
PMPMXFR,PMPMXFR
PBEQUPC,PBEQUPC
PBXGDFR,PBXGDFR
PBEPXFR,PBEPXFR
UT80045J,
PUODDFR,PUODDFR
PBDUXFR,PBDUXFR
PNJNDFR,PNJNDFR
PUWTXFR,PUWTXFR
PNVQEFR,PNVQEFR
PNY1XFR,PNY1XFR
PUWPXFR,PUWPXFR
PONVPVR,PONVPVR
PDVVPCLP,PDVVPCLP
PDNGXFR,PDNGXFR
PDHBD1R,PDHBD1R
PBBIXFR,PBBIXFR
E1JUXFR,E1JUXFR
PUYFPVR,PUYFPVR
PVBZXFR,PVBZXFR
ICQGPVR,ICQGPVR
PDKWDFR,PDKWDFR
PUKJXFR,PUKJXFR
PUKWETR,PUKWETR
PPEEE1R,PPEEE1R
PVFKDFR,PVFKDFR
PDUZE1R,PDUZE1R
PDSQEFR,PDSQEFR
POQJDFR,POQJDFR
PPA7XFR,PPA7XFR
PBQBDFR,PBQBDFR
PNVND1R,PNVND1R
POSCXFR,POSCXFR
PUKIE2R,PUKIE2R
PNK2XFR,PNK2XFR
PUXXXFR,PUXXXFR
PDTTUPR,PDTTUPR
PNM9EFR,PNM9EFR
POUFXFR,POUFXFR
PDTSPVR,PDTSPVR
PPF6XFR,PPF6XFR
PDKOPFR,PDKOPFR
PNLVXFR,PNLVXFR
PDDHD1R,PDDHD1R
PDPUE2R,PDPUE2R
PPB4DFR,PPB4DFR
POI4XFR,POI4XFR
PUKUPFR,PUKUPFR
PPB2DFR,PPB2DFR
PVJ5XFR,PVJ5XFR
PDJKXFR,PDJKXFR
PBRODFR,PBRODFR
PNOPE1R,PNOPE1R
PMXUPFR,PMXUPFR
PDLPDFR,PDLPDFR
PNMHXFR,PNMHXFR
PNXRUPC,PNXRUPC
PBI4XFR,PBI4XFR
PNL9EFR,PNL9EFR
PDQ1ETR,PDQ1ETR
CAMXEFR,CAMXEFR
PPXEE2R,PPXEE2R
POQMD1R,POQMD1R
PMDIXFR,PMDIXFR
PDZ6DFR,PDZ6DFR
PDRCUPR,PDRCUPR
PBEWETR,PBEWETR
PUKGXFR,PUKGXFR
PVI7XFR,PVI7XFR
PPAMDTR,PPAMDTR
SELSUBW,SELSUBW
PUI0D1R,PUI0D1R
PNMYXFR,PNMYXFR
E1I3XFR,E1I3XFR
PUN5DFR,PUN5DFR
PUO1XFR,PUO1XFR
PMCCPFR,PMCCPFR
PNX3XFR,PNX3XFR
PBJGXFR,PBJGXFR
PNOMXFR,PNOMXFR
PBFLXFR,PBFLXFR
POO6DFR,POO6DFR
PMQIXFR,PMQIXFR
PUI8DFR,PUI8DFR
PNLNXFR,PNLNXFR
PBLREFR,PBLREFR
PPF3XFR,PPF3XFR
PDPZE2R,PDPZE2R
PNX5XFR,PNX5XFR
PPX5E1R,PPX5E1R
PBS0PFR,PBS0PFR
POUEXFR,POUEXFR
PBPAXFR,PBPAXFR
POK8E2R,POK8E2R
PMN1UPC,PMN1UPC
POMIETR,POMIETR
PONLETR,PONLETR
PDQ0ETR,PDQ0ETR
PPUFE1R,PPUFE1R
POICPVR,POICPVR
PDR7EFR,PDR7EFR
PPUGETR,PPUGETR
PULXXFR,PULXXFR
PONDE1R,PONDE1R
PNI3E1R,PNI3E1R
PNU0PFR,PNU0PFR
POJ0UPC,POJ0UPC
PDQ5UCLP,PDQ5UCLP
OMFDPCLP,OMFDPCLP
PDQZETR,PDQZETR
PUH0PFR,PUH0PFR
POK2ETR,POK2ETR
POK3E2R,POK3E2R
PMFSXFR,PMFSXFR
PDO3DFR,PDO3DFR
PDTOEFR,PDTOEFR
PVKHXFR,PVKHXFR
PDQ5UPC,PDQ5UPC
PDCOUPR,PDCOUPR
PDP0E2R,PDP0E2R
PDPIE2R,PDPIE2R
PDQXETR,PDQXETR
PBD1E2R,PBD1E2R
PNW3XFR,PNW3XFR
PUH4XFR,PUH4XFR
PUSXXFR,PUSXXFR
PUKOE1R,PUKOE1R
PPK0E2R,PPK0E2R
PUR1E2R,PUR1E2R
PUIEPFR,PUIEPFR
POK0ETR,POK0ETR
PDPYE2R,PDPYE2R
PBXAXFR,PBXAXFR
PUQMPFR,PUQMPFR
PUK5EFR,PUK5EFR
POI7E2R,POI7E2R
PDPRE2R,PDPRE2R
PDQYETR,PDQYETR
PFSDWNGUY,
PFSDWNSTF,
PFSDWNSTJ,
PPU1UPC,PPU1UPC
PPQHUPC,PPQHUPC
PPQUXFR,PPQUXFR
PPQVXFR,PPQVXFR
PBNJXFR,PBNJXFR
PBNKXFR,PBNKXFR
PPQGXFR,PPQGXFR
PPQJXFR,PPQJXFR
PPQOXFR,PPQOXFR
PPQPXFR,PPQPXFR
PPQSXFR,PPQSXFR
PPQTXFR,PPQTXFR
PPQQXFR,PPQQXFR
PPQRXFR,PPQRXFR
PPQ0XFR,PPQ0XFR
PPQ1XFR,PPQ1XFR
PUZCXFR,PUZCXFR
PUZDXFR,PUZDXFR
PPN8XFR,PPN8XFR
PFSUPLALL,
PPN3XFR,PPN3XFR
CAALXFR,CAALXFR
PBIHXFR,PBIHXFR
PBIPXFR,PBIPXFR
PBRLXFR,PBRLXFR
PBRMXFR,PBRMXFR
PDG9XFR,PDG9XFR
PDGFUPC,PDGFUPC
PDGMXFR,PDGMXFR
PDKAXFR,PDKAXFR
PDKGXFR,PDKGXFR
PDKUXFR,PDKUXFR
PDLJXFR,PDLJXFR
PDLSXFR,PDLSXFR
PDMNXFR,PDMNXFR
PDMYXFR,PDMYXFR
PDP4XFR,PDP4XFR
PDPBXFR,PDPBXFR
PDPRINCL,PDPRINCL
PDZ2XFR,PDZ2XFR
PMD5XFR,PMD5XFR
PMOVXFR,PMOVXFR
PNQ3XFR,PNQ3XFR
PNQ4XFR,PNQ4XFR
PNQ5XFR,PNQ5XFR
PNQXXFR,PNQXXFR
PNS6XFR,PNS6XFR
PNVIXFR,PNVIXFR
POIYXFR,POIYXFR
POMSUPC,POMSUPC
POMTXFR,POMTXFR
POO5XFR,POO5XFR
POP1XFR,POP1XFR
POVAXFR,POVAXFR
PPN7XFR,PPN7XFR
PUKLXFR,PUKLXFR
PBHJXFR,PBHJXFR
PUDLXFR,PUDLXFR
PUFAXFR,PUFAXFR
PBXJXFR,PBXJXFR
PUEJXFR,PUEJXFR
PVHOXFR,PVHOXFR
PDN2XFR,PDN2XFR
PUTCXFR,PUTCXFR
PNYHXFR,PNYHXFR
PDV4EFR,PDV4EFR
TF230,TF230
PBBCPFR,PBBCPFR
PBBRDFR,PBBRDFR
PBO8XFR,PBO8XFR
PBXIXFR,PBXIXFR
PBY2XFR,PBY2XFR
PDHBXFR,PDHBXFR
PDLME1R,PDLME1R
PDPIE1R,PDPIE1R
PDRGXFR,PDRGXFR
PDSNPFR,PDSNPFR
PMC0XFR,PMC0XFR
PMC5XFR,PMC5XFR
PMD8XFR,PMD8XFR
PMGAXFR,PMGAXFR
PMV5XFR,PMV5XFR
PNK9XFR,PNK9XFR
PNTVXFR,PNTVXFR
PON1XFR,PON1XFR
PVATXFR,PVATXFR
PVIRXFR,PVIRXFR
PVHCXFR,PVHCXFR
PDLKDFR,PDLKDFR
PDCHXFR,PDCHXFR
PDGWPVR,PDGWPVR
POAYXFR,POAYXFR
POAVXFR,POAVXFR
POAWUPC,POAWUPC
POAXUPC,POAXUPC
POAQXFR,POAQXFR
PDXODFR,PDXODFR
